<?xml version="1.0" encoding="UTF-8"?>
<persistence version="2.1" xmlns="http://xmlns.jcp.org/xml/ns/persistence" xmlns:xsi="http://www.w3.org/2001/XMLSchema-instance" xsi:schemaLocation="http://xmlns.jcp.org/xml/ns/persistence http://xmlns.jcp.org/xml/ns/persistence/persistence_2_1.xsd">
  <persistence-unit name="FinanceiroJPAPU" transaction-type="RESOURCE_LOCAL">
    <provider>org.hibernate.ejb.HibernatePersistence</provider>
    <class>br.edu.ifsul.modelo.AcessoUsuario</class>
    <class>br.edu.ifsul.modelo.Cidade</class>
    <class>br.edu.ifsul.modelo.Estado</class>
    <class>br.edu.ifsul.modelo.Grupo</class>
    <class>br.edu.ifsul.modelo.Marca</class>
    <class>br.edu.ifsul.modelo.Pessoa</class>
    <class>br.edu.ifsul.modelo.PessoaFisica</class>
    <class>br.edu.ifsul.modelo.PessoaJuridica</class>
    <class>br.edu.ifsul.modelo.Produto</class>
    <class>br.edu.ifsul.modelo.Telefone</class>
    <class>br.edu.ifsul.modelo.Usuario</class>
    <properties>
      <property name="javax.persistence.jdbc.url" value="jdbc:postgresql://localhost:5432/meu_banco"/>
      <property name="javax.persistence.jdbc.user" value="postgres"/>
      <property name="javax.persistence.jdbc.driver" value="org.postgresql.Driver"/>
      <property name="javax.persistence.jdbc.password" value="postgres"/>
      <property name="hibernate.cache.provider_class" value="org.hibernate.cache.NoCacheProvider"/>
      <property name="hibernate.dialect" value="org.hibernate.dialect.PostgreSQLDialect"/>
      <property name="hibernate.connection.autocommit" value="false"/>
      <property name="hibernate.hbm2ddl.auto" value="update"/>
      <property name="hibernate.show_sql" value="true"/>
      <property name="hibernate.format_sql" value="true"/>
    </properties>
  </persistence-unit>
</persistence>
